customer_id,customer_name,gender,city,signup_date
1,Arjun Sharma,Male,Mumbai,2024-08-07
2,Vikram Mehta,Female,Pune,2024-06-11
3,Kunal Gupta,Female,Ahmedabad,2024-08-07
4,Arjun Chauhan,Female,Kolkata,2024-09-26
5,Aditya Saini,Male,Jaipur,2025-09-23
6,Isha Verma,Male,Chennai,2025-02-03
7,Aarav Singh,Male,Chennai,2024-06-30
8,Amit Mehta,Female,Jaipur,2025-09-09
9,Riya Bansal,Female,Mumbai,2025-12-29
10,Aarav Chauhan,Female,Hyderabad,2024-07-23
11,Amit Chauhan,Male,Mumbai,2025-08-04
12,Isha Mehta,Female,Lucknow,2025-07-09
13,Neha Saini,Female,Lucknow,2024-08-15
14,Vikram Sharma,Male,Delhi,2025-11-26
15,Rohan Iyer,Male,Chennai,2025-09-10
16,Priya Patel,Male,Ahmedabad,2025-08-18
17,Rahul Bisht,Male,Mumbai,2024-09-06
18,Priya Kumar,Male,Pune,2025-03-16
19,Aditya Reddy,Male,Ahmedabad,2025-06-16
20,Arjun Kapoor,Male,Delhi,2024-07-14
21,Sneha Bansal,Female,Chennai,2025-11-20
22,Vikram Verma,Male,Bangalore,2025-06-02
23,Neha Chauhan,Male,Ahmedabad,2024-03-10
24,Arjun Reddy,Male,Lucknow,2025-09-30
25,Aditya Chauhan,Male,Lucknow,2025-02-02
26,Nikhil Bansal,Female,Hyderabad,2025-11-02
27,Sneha Saini,Male,Ahmedabad,2024-07-21
28,Amit Singh,Male,Jaipur,2024-05-27
29,Vivaan Mehta,Female,Bangalore,2025-04-16
30,Nikhil Singh,Male,Jaipur,2025-10-16
31,Kunal Kumar,Female,Delhi,2024-07-17
32,Ananya Patel,Male,Pune,2025-03-01
33,Neha Kapoor,Male,Mumbai,2025-10-27
34,Rohan Kapoor,Female,Delhi,2025-05-06
35,Sneha Bisht,Female,Delhi,2024-05-21
36,Vikram Singh,Female,Chennai,2024-11-08
37,Meera Joshi,Male,Bangalore,2024-06-13
38,Kavya Mehta,Male,Kolkata,2024-11-09
39,Rohan Nair,Female,Delhi,2024-01-21
40,Ananya Patel,Male,Bangalore,2024-03-22
41,Kavya Mehta,Male,Pune,2025-08-03
42,Priya Verma,Male,Jaipur,2024-05-10
43,Kunal Verma,Male,Bangalore,2025-08-21
44,Priya Reddy,Female,Pune,2025-12-30
45,Vikram Singh,Male,Ahmedabad,2024-10-31
46,Amit Saini,Female,Pune,2025-01-05
47,Priya Bisht,Male,Mumbai,2025-01-18
48,Pooja Reddy,Male,Delhi,2025-03-20
49,Neha Gupta,Male,Ahmedabad,2025-02-28
50,Vikram Gupta,Male,Delhi,2024-06-09
51,Kunal Chauhan,Female,Ahmedabad,2024-06-26
52,Kavya Patel,Female,Hyderabad,2025-09-20
53,Aditi Iyer,Female,Ahmedabad,2025-12-08
54,Aditi Reddy,Female,Jaipur,2025-05-04
55,Sneha Mehta,Female,Lucknow,2024-11-22
56,Rahul Mishra,Female,Bangalore,2025-08-20
57,Pooja Singh,Male,Kolkata,2024-10-15
58,Vivaan Kumar,Male,Bangalore,2025-08-15
59,Rahul Joshi,Male,Hyderabad,2025-10-25
60,Isha Bansal,Male,Pune,2025-07-26
61,Aditya Reddy,Male,Ahmedabad,2025-07-26
62,Ananya Bansal,Male,Lucknow,2024-12-19
63,Neha Mishra,Female,Kolkata,2024-01-28
64,Vikram Chauhan,Male,Bangalore,2024-02-12
65,Aarav Kumar,Male,Hyderabad,2025-11-11
66,Kavya Patel,Male,Kolkata,2025-02-26
67,Priya Kumar,Male,Mumbai,2025-08-20
68,Nikhil Iyer,Female,Delhi,2024-06-25
69,Rohan Nair,Male,Bangalore,2025-06-12
70,Aarav Patel,Female,Mumbai,2025-09-01
71,Riya Joshi,Female,Bangalore,2025-05-08
72,Riya Kumar,Male,Mumbai,2024-07-16
73,Nikhil Mishra,Male,Delhi,2025-09-01
74,Meera Bisht,Female,Delhi,2025-07-30
75,Rahul Kapoor,Female,Lucknow,2025-05-31
76,Rohan Chauhan,Female,Hyderabad,2025-05-28
77,Riya Sharma,Female,Bangalore,2024-01-22
78,Meera Malhotra,Male,Chennai,2024-04-21
79,Pooja Sharma,Male,Mumbai,2024-02-26
80,Arjun Kapoor,Male,Lucknow,2024-03-06
81,Nikhil Mehta,Female,Kolkata,2024-04-07
82,Vivaan Mehta,Female,Delhi,2024-05-23
83,Aditi Singh,Male,Bangalore,2025-03-10
84,Aditya Das,Male,Ahmedabad,2025-09-28
85,Aditya Chauhan,Male,Lucknow,2025-11-09
86,Rahul Gupta,Male,Hyderabad,2024-03-26
87,Pooja Chauhan,Female,Pune,2025-08-10
88,Rohan Patel,Female,Mumbai,2024-12-09
89,Riya Bansal,Female,Lucknow,2024-10-20
90,Isha Bisht,Male,Mumbai,2025-07-24
91,Kavya Bisht,Male,Lucknow,2025-10-11
92,Nikhil Reddy,Female,Chennai,2025-09-02
93,Sneha Nair,Female,Pune,2025-12-04
94,Riya Nair,Female,Hyderabad,2024-08-30
95,Arjun Mehta,Female,Mumbai,2025-07-14
96,Kunal Singh,Male,Mumbai,2024-02-01
97,Priya Sharma,Male,Mumbai,2025-01-25
98,Aditi Chauhan,Male,Mumbai,2024-10-03
99,Kunal Saini,Male,Kolkata,2025-06-15
100,Kunal Sharma,Male,Bangalore,2024-06-02
101,Aditya Verma,Male,Delhi,2025-01-17
102,Kunal Singh,Female,Lucknow,2024-03-08
103,Vivaan Malhotra,Male,Ahmedabad,2024-08-01
104,Aditya Mishra,Male,Ahmedabad,2025-10-16
105,Kunal Patel,Female,Lucknow,2025-01-10
106,Pooja Bisht,Male,Mumbai,2024-07-31
107,Kavya Gupta,Male,Bangalore,2024-03-19
108,Aditi Saini,Female,Kolkata,2025-12-26
109,Pooja Mehta,Male,Chennai,2025-09-19
110,Pooja Iyer,Male,Mumbai,2025-08-26
111,Amit Kumar,Male,Jaipur,2025-01-15
112,Arjun Iyer,Male,Mumbai,2025-11-10
113,Sneha Iyer,Female,Mumbai,2024-02-27
114,Isha Nair,Female,Pune,2024-01-26
115,Vivaan Kumar,Female,Pune,2025-03-22
116,Vivaan Reddy,Female,Pune,2024-03-06
117,Priya Kumar,Female,Delhi,2024-09-10
118,Kunal Bisht,Male,Ahmedabad,2024-02-13
119,Amit Chauhan,Female,Mumbai,2024-04-06
120,Neha Gupta,Male,Delhi,2025-07-07
121,Isha Joshi,Female,Ahmedabad,2024-08-14
122,Vikram Nair,Female,Lucknow,2025-11-09
123,Kunal Singh,Male,Ahmedabad,2025-03-11
124,Neha Chauhan,Male,Jaipur,2025-08-23
125,Arjun Verma,Male,Chennai,2025-01-13
126,Kavya Sharma,Male,Pune,2024-06-26
127,Aditya Mehta,Female,Delhi,2025-03-02
128,Rohan Iyer,Female,Bangalore,2025-12-09
129,Pooja Das,Male,Bangalore,2024-11-02
130,Amit Reddy,Male,Mumbai,2025-05-18
131,Vivaan Joshi,Male,Kolkata,2024-09-24
132,Ananya Sharma,Male,Hyderabad,2025-08-08
133,Ananya Patel,Male,Delhi,2024-01-08
134,Neha Agarwal,Male,Mumbai,2025-05-22
135,Isha Chauhan,Female,Chennai,2025-04-20
136,Pooja Gupta,Male,Delhi,2024-10-23
137,Amit Agarwal,Male,Jaipur,2024-06-12
138,Amit Verma,Female,Hyderabad,2025-04-29
139,Aditi Chauhan,Male,Hyderabad,2025-08-19
140,Vivaan Malhotra,Female,Pune,2024-03-12
141,Vivaan Verma,Female,Jaipur,2025-07-20
142,Aditi Das,Male,Bangalore,2025-07-12
143,Riya Mishra,Male,Chennai,2024-08-25
144,Rohan Verma,Male,Pune,2024-04-13
145,Riya Singh,Male,Mumbai,2024-07-28
146,Rohan Singh,Male,Ahmedabad,2025-07-07
147,Meera Singh,Female,Jaipur,2025-04-12
148,Kunal Reddy,Male,Chennai,2025-03-29
149,Arjun Saini,Male,Jaipur,2024-09-24
150,Kunal Saini,Male,Ahmedabad,2025-01-20
151,Meera Verma,Female,Chennai,2025-01-21
152,Meera Singh,Male,Jaipur,2024-09-15
153,Isha Saini,Male,Chennai,2024-10-09
154,Aditi Mishra,Male,Chennai,2025-09-17
155,Priya Patel,Female,Pune,2024-02-09
156,Amit Malhotra,Male,Kolkata,2025-04-30
157,Kunal Patel,Female,Mumbai,2024-08-07
158,Ananya Gupta,Female,Ahmedabad,2024-05-08
159,Nikhil Nair,Male,Ahmedabad,2025-06-03
160,Priya Singh,Female,Delhi,2025-09-04
161,Aarav Nair,Male,Jaipur,2025-11-18
162,Meera Saini,Female,Delhi,2025-09-10
163,Arjun Singh,Female,Bangalore,2025-09-04
164,Kavya Bisht,Male,Kolkata,2024-09-16
165,Riya Patel,Male,Mumbai,2024-12-31
166,Rahul Kapoor,Female,Jaipur,2025-06-27
167,Aditya Mehta,Male,Jaipur,2025-10-10
168,Sneha Agarwal,Male,Hyderabad,2025-06-07
169,Rohan Nair,Male,Delhi,2024-01-16
170,Kavya Agarwal,Female,Mumbai,2024-05-08
171,Meera Mishra,Female,Pune,2025-07-28
172,Aarav Chauhan,Male,Lucknow,2024-04-18
173,Nikhil Kumar,Male,Chennai,2025-06-16
174,Rahul Patel,Male,Mumbai,2025-10-31
175,Arjun Kumar,Female,Chennai,2024-09-25
176,Kavya Gupta,Male,Pune,2024-06-10
177,Vikram Agarwal,Female,Kolkata,2024-09-16
178,Meera Bisht,Male,Delhi,2024-04-11
179,Priya Bisht,Female,Kolkata,2025-05-20
180,Vikram Mishra,Male,Pune,2025-07-24
181,Pooja Patel,Male,Lucknow,2024-09-03
182,Vivaan Singh,Male,Bangalore,2025-10-01
183,Isha Patel,Female,Chennai,2025-06-20
184,Vivaan Sharma,Female,Ahmedabad,2024-05-10
185,Priya Gupta,Male,Delhi,2024-12-18
186,Vikram Joshi,Female,Ahmedabad,2024-07-14
187,Neha Chauhan,Female,Chennai,2025-10-27
188,Isha Chauhan,Female,Delhi,2025-01-16
189,Aarav Kumar,Male,Bangalore,2025-10-06
190,Aditya Gupta,Male,Chennai,2024-08-14
191,Kavya Verma,Male,Delhi,2025-12-01
192,Sneha Saini,Female,Pune,2025-04-20
193,Kavya Gupta,Female,Bangalore,2025-04-21
194,Isha Gupta,Female,Pune,2024-09-21
195,Vivaan Agarwal,Male,Delhi,2025-01-06
196,Sneha Verma,Male,Ahmedabad,2025-04-30
197,Sneha Bisht,Female,Lucknow,2025-03-09
198,Kunal Kumar,Female,Lucknow,2025-10-07
199,Sneha Chauhan,Female,Kolkata,2024-07-29
200,Isha Bansal,Female,Delhi,2025-07-25
201,Rahul Mehta,Female,Kolkata,2025-01-11
202,Rohan Joshi,Male,Delhi,2025-01-29
203,Isha Sharma,Male,Delhi,2025-03-25
204,Rohan Malhotra,Female,Bangalore,2024-12-29
205,Isha Mehta,Female,Hyderabad,2025-04-01
206,Vikram Joshi,Male,Kolkata,2025-12-25
207,Arjun Reddy,Male,Chennai,2025-12-28
208,Vivaan Das,Female,Hyderabad,2024-08-13
209,Kunal Bisht,Male,Mumbai,2024-05-10
210,Neha Kapoor,Male,Lucknow,2025-08-10
211,Nikhil Mehta,Male,Hyderabad,2025-04-20
212,Kunal Sharma,Female,Hyderabad,2024-10-03
213,Amit Reddy,Female,Mumbai,2024-06-04
214,Priya Patel,Male,Jaipur,2024-08-05
215,Aditya Patel,Female,Chennai,2024-07-08
216,Sneha Mishra,Male,Mumbai,2025-02-20
217,Ananya Chauhan,Male,Delhi,2025-11-05
218,Priya Sharma,Female,Chennai,2025-11-22
219,Arjun Patel,Female,Chennai,2025-06-29
220,Rohan Saini,Female,Mumbai,2024-02-10
221,Vikram Verma,Female,Lucknow,2024-11-02
222,Arjun Bansal,Female,Mumbai,2024-12-03
223,Isha Kapoor,Male,Hyderabad,2024-11-09
224,Priya Iyer,Male,Lucknow,2024-03-15
225,Meera Mishra,Male,Bangalore,2024-10-05
226,Arjun Reddy,Male,Chennai,2024-06-24
227,Aditi Bisht,Female,Bangalore,2025-10-23
228,Vikram Verma,Male,Mumbai,2024-09-29
229,Isha Sharma,Female,Lucknow,2025-09-11
230,Riya Chauhan,Female,Bangalore,2025-10-12
231,Amit Kapoor,Female,Ahmedabad,2024-10-15
232,Isha Singh,Male,Mumbai,2025-12-24
233,Priya Bansal,Female,Mumbai,2024-09-28
234,Priya Kumar,Male,Delhi,2024-03-06
235,Nikhil Mishra,Male,Chennai,2025-04-27
236,Nikhil Iyer,Female,Bangalore,2024-09-04
237,Priya Reddy,Male,Ahmedabad,2024-06-04
238,Nikhil Chauhan,Male,Hyderabad,2024-02-16
239,Rahul Bisht,Female,Lucknow,2025-03-29
240,Isha Reddy,Male,Mumbai,2024-07-19
241,Rohan Bansal,Female,Ahmedabad,2025-10-21
242,Aditi Agarwal,Female,Kolkata,2024-05-03
243,Ananya Chauhan,Female,Kolkata,2024-01-01
244,Aarav Agarwal,Male,Jaipur,2025-10-01
245,Nikhil Bisht,Male,Kolkata,2024-07-09
246,Isha Saini,Female,Pune,2025-08-01
247,Meera Malhotra,Male,Delhi,2025-05-30
248,Neha Nair,Female,Delhi,2025-03-17
249,Neha Bisht,Female,Ahmedabad,2024-05-22
250,Riya Das,Female,Pune,2024-07-09
251,Rohan Singh,Male,Jaipur,2025-06-16
252,Nikhil Mishra,Male,Hyderabad,2024-08-14
253,Meera Malhotra,Female,Delhi,2024-11-08
254,Aditya Mehta,Male,Delhi,2025-09-20
255,Nikhil Mehta,Male,Chennai,2024-10-28
256,Amit Gupta,Female,Hyderabad,2025-10-15
257,Aarav Verma,Female,Mumbai,2025-04-04
258,Kunal Das,Female,Hyderabad,2025-02-04
259,Meera Singh,Female,Delhi,2025-07-04
260,Neha Iyer,Male,Pune,2025-01-27
261,Aditi Bisht,Female,Mumbai,2024-07-25
262,Ananya Das,Female,Jaipur,2024-07-28
263,Ananya Mehta,Male,Bangalore,2024-04-24
264,Rahul Sharma,Male,Hyderabad,2025-10-07
265,Arjun Iyer,Female,Delhi,2024-09-07
266,Kunal Joshi,Female,Delhi,2024-08-06
267,Riya Nair,Female,Bangalore,2025-02-10
268,Vivaan Chauhan,Female,Hyderabad,2025-03-18
269,Kunal Kumar,Male,Pune,2025-08-25
270,Neha Gupta,Male,Bangalore,2024-12-19
271,Neha Mishra,Female,Chennai,2025-07-11
272,Kavya Bansal,Female,Ahmedabad,2025-07-03
273,Priya Nair,Female,Kolkata,2024-05-21
274,Meera Mishra,Female,Delhi,2025-09-03
275,Isha Chauhan,Male,Hyderabad,2025-05-15
276,Neha Joshi,Male,Delhi,2025-12-02
277,Pooja Nair,Female,Mumbai,2025-06-30
278,Vikram Mehta,Female,Lucknow,2025-10-20
279,Vikram Mishra,Female,Delhi,2025-06-25
280,Pooja Mehta,Female,Hyderabad,2025-05-21
281,Vikram Nair,Female,Pune,2025-08-18
282,Aditya Agarwal,Male,Chennai,2024-10-07
283,Kunal Patel,Male,Pune,2025-02-27
284,Priya Malhotra,Male,Delhi,2024-09-26
285,Kavya Singh,Female,Bangalore,2024-06-02
286,Rahul Gupta,Male,Hyderabad,2025-09-05
287,Kunal Reddy,Male,Delhi,2025-12-27
288,Rahul Bisht,Male,Bangalore,2025-10-23
289,Aditya Iyer,Male,Delhi,2024-03-23
290,Isha Malhotra,Female,Delhi,2025-09-13
291,Kavya Nair,Male,Bangalore,2025-03-01
292,Isha Verma,Male,Delhi,2024-10-01
293,Amit Iyer,Female,Pune,2025-12-13
294,Ananya Saini,Male,Chennai,2024-10-10
295,Aarav Saini,Male,Jaipur,2024-06-21
296,Ananya Das,Male,Mumbai,2024-11-22
297,Aarav Kapoor,Female,Mumbai,2025-12-18
298,Nikhil Reddy,Male,Delhi,2024-03-03
299,Isha Chauhan,Female,Chennai,2024-03-13
300,Kavya Bansal,Male,Chennai,2025-09-27
301,Kunal Das,Male,Delhi,2025-01-09
302,Kunal Patel,Male,Ahmedabad,2025-09-24
303,Isha Das,Male,Delhi,2025-05-22
304,Aarav Reddy,Female,Pune,2025-02-01
305,Priya Reddy,Female,Chennai,2024-04-29
306,Rohan Nair,Female,Ahmedabad,2025-03-12
307,Rahul Bansal,Male,Chennai,2025-11-06
308,Kavya Sharma,Male,Jaipur,2025-04-09
309,Ananya Saini,Female,Bangalore,2024-10-12
310,Aditi Sharma,Male,Jaipur,2024-09-21
311,Aditya Iyer,Male,Delhi,2024-11-15
312,Rahul Nair,Male,Ahmedabad,2025-11-03
313,Rohan Verma,Male,Pune,2025-01-10
314,Vikram Reddy,Female,Jaipur,2024-03-29
315,Priya Bisht,Female,Hyderabad,2025-10-15
316,Neha Malhotra,Female,Chennai,2024-07-21
317,Priya Reddy,Male,Hyderabad,2024-11-29
318,Vikram Iyer,Male,Kolkata,2024-08-09
319,Vikram Singh,Male,Delhi,2024-02-10
320,Pooja Sharma,Male,Delhi,2025-12-08
321,Kavya Verma,Male,Mumbai,2024-03-08
322,Sneha Mehta,Female,Mumbai,2025-05-28
323,Aditya Verma,Female,Ahmedabad,2025-09-28
324,Aarav Mehta,Male,Mumbai,2025-09-13
325,Amit Sharma,Female,Lucknow,2025-08-20
326,Meera Gupta,Female,Bangalore,2025-09-23
327,Kunal Gupta,Female,Mumbai,2024-05-06
328,Pooja Kumar,Female,Kolkata,2024-09-11
329,Aditi Bisht,Male,Chennai,2025-11-25
330,Neha Patel,Male,Hyderabad,2024-01-16
331,Sneha Joshi,Male,Pune,2025-04-21
332,Meera Bansal,Female,Chennai,2024-03-02
333,Arjun Joshi,Male,Mumbai,2025-03-07
334,Nikhil Kumar,Male,Lucknow,2025-10-31
335,Aditi Sharma,Male,Lucknow,2024-09-24
336,Nikhil Saini,Male,Chennai,2024-02-04
337,Ananya Reddy,Female,Mumbai,2025-07-29
338,Amit Singh,Female,Chennai,2025-05-08
339,Aditi Mehta,Male,Delhi,2025-07-15
340,Arjun Agarwal,Male,Delhi,2025-04-13
341,Meera Kumar,Male,Mumbai,2025-10-22
342,Aditi Verma,Male,Hyderabad,2024-11-20
343,Sneha Chauhan,Male,Ahmedabad,2024-10-30
344,Isha Kapoor,Male,Kolkata,2024-10-02
345,Aditya Mishra,Male,Kolkata,2025-11-14
346,Priya Sharma,Female,Hyderabad,2024-07-19
347,Isha Das,Female,Bangalore,2025-03-20
348,Arjun Iyer,Male,Bangalore,2024-11-19
349,Sneha Nair,Male,Lucknow,2024-02-04
350,Rahul Iyer,Female,Delhi,2025-04-26
351,Rohan Mishra,Male,Ahmedabad,2025-12-28
352,Vikram Bansal,Female,Pune,2025-04-24
353,Kavya Das,Female,Hyderabad,2024-03-05
354,Neha Iyer,Male,Kolkata,2024-01-08
355,Aditi Patel,Male,Hyderabad,2024-10-27
356,Priya Mehta,Female,Ahmedabad,2024-12-08
357,Aditya Patel,Male,Ahmedabad,2025-03-06
358,Neha Mehta,Female,Hyderabad,2025-02-27
359,Neha Saini,Female,Mumbai,2024-11-27
360,Meera Reddy,Female,Pune,2025-03-13
361,Priya Sharma,Male,Ahmedabad,2025-08-10
362,Pooja Malhotra,Female,Mumbai,2024-06-22
363,Rohan Das,Male,Pune,2025-07-12
364,Amit Kapoor,Male,Chennai,2025-06-10
365,Vikram Malhotra,Female,Kolkata,2025-10-20
366,Vikram Bansal,Male,Delhi,2024-01-26
367,Vikram Chauhan,Female,Chennai,2025-08-27
368,Aarav Mishra,Female,Ahmedabad,2025-02-09
369,Amit Singh,Male,Mumbai,2024-08-19
370,Kunal Iyer,Male,Mumbai,2025-06-16
371,Pooja Chauhan,Male,Lucknow,2025-07-03
372,Kunal Das,Male,Mumbai,2025-05-19
373,Pooja Nair,Male,Jaipur,2025-10-30
374,Aarav Singh,Female,Hyderabad,2024-06-27
375,Nikhil Mehta,Male,Mumbai,2024-05-11
376,Ananya Mehta,Male,Ahmedabad,2025-03-30
377,Nikhil Saini,Female,Hyderabad,2024-12-13
378,Sneha Das,Male,Hyderabad,2025-06-23
379,Kavya Mishra,Female,Bangalore,2025-02-09
380,Sneha Iyer,Male,Pune,2024-03-16
381,Kavya Malhotra,Male,Mumbai,2025-08-01
382,Sneha Nair,Female,Bangalore,2025-05-06
383,Vikram Agarwal,Female,Lucknow,2024-07-12
384,Vikram Mehta,Female,Mumbai,2024-06-10
385,Arjun Bisht,Female,Chennai,2024-12-12
386,Priya Kumar,Female,Bangalore,2024-12-26
387,Kavya Joshi,Male,Kolkata,2025-08-06
388,Amit Bisht,Male,Delhi,2024-03-27
389,Pooja Patel,Female,Lucknow,2024-09-18
390,Aditi Mishra,Female,Hyderabad,2024-08-01
391,Meera Agarwal,Female,Mumbai,2025-10-26
392,Arjun Bisht,Male,Delhi,2025-12-22
393,Nikhil Mehta,Male,Mumbai,2025-07-26
394,Sneha Joshi,Female,Hyderabad,2024-09-18
395,Nikhil Sharma,Male,Bangalore,2025-12-30
396,Kavya Gupta,Female,Jaipur,2024-10-09
397,Vikram Verma,Female,Hyderabad,2025-10-09
398,Vivaan Chauhan,Male,Mumbai,2025-04-11
399,Nikhil Gupta,Female,Pune,2025-01-14
400,Pooja Kumar,Female,Chennai,2024-12-27
401,Aarav Saini,Male,Mumbai,2025-03-24
402,Nikhil Das,Female,Mumbai,2025-03-16
403,Pooja Nair,Male,Delhi,2024-04-02
404,Priya Joshi,Female,Kolkata,2025-09-12
405,Vivaan Patel,Male,Chennai,2025-02-27
406,Pooja Kumar,Female,Hyderabad,2024-05-21
407,Aditya Reddy,Male,Jaipur,2024-10-17
408,Pooja Singh,Male,Jaipur,2025-03-07
409,Aditi Verma,Female,Pune,2025-11-19
410,Rahul Gupta,Male,Ahmedabad,2025-10-14
411,Aditi Agarwal,Male,Mumbai,2025-12-01
412,Aditya Mehta,Female,Delhi,2024-02-18
413,Arjun Chauhan,Female,Mumbai,2024-10-28
414,Isha Bansal,Female,Delhi,2024-07-08
415,Meera Bansal,Female,Pune,2024-05-15
416,Kunal Mishra,Male,Ahmedabad,2025-07-08
417,Ananya Nair,Male,Delhi,2025-02-07
418,Neha Agarwal,Male,Delhi,2025-08-24
419,Aditi Iyer,Female,Hyderabad,2024-12-06
420,Nikhil Saini,Female,Ahmedabad,2025-12-04
421,Meera Verma,Female,Bangalore,2024-11-13
422,Meera Kumar,Female,Hyderabad,2025-09-09
423,Amit Bisht,Male,Delhi,2024-12-28
424,Vikram Singh,Male,Delhi,2025-01-16
425,Rohan Mehta,Male,Lucknow,2024-08-20
426,Rohan Chauhan,Male,Lucknow,2024-12-09
427,Aditya Joshi,Male,Delhi,2025-07-02
428,Aarav Iyer,Female,Lucknow,2025-07-06
429,Neha Bansal,Male,Chennai,2025-06-12
430,Pooja Agarwal,Male,Ahmedabad,2025-07-24
431,Vivaan Mehta,Male,Hyderabad,2024-07-01
432,Nikhil Agarwal,Female,Hyderabad,2024-02-10
433,Neha Singh,Female,Hyderabad,2025-07-04
434,Kunal Patel,Male,Chennai,2025-01-31
435,Aditi Bisht,Male,Delhi,2025-12-04
436,Isha Kumar,Female,Delhi,2025-05-08
437,Kavya Mehta,Male,Bangalore,2025-10-20
438,Rahul Patel,Female,Chennai,2024-11-28
439,Rahul Singh,Female,Mumbai,2024-05-06
440,Vivaan Joshi,Male,Chennai,2025-07-11
441,Nikhil Bansal,Male,Lucknow,2025-07-10
442,Aditi Agarwal,Female,Delhi,2024-01-01
443,Neha Kumar,Male,Chennai,2024-06-16
444,Neha Agarwal,Male,Hyderabad,2025-09-11
445,Ananya Patel,Female,Ahmedabad,2024-01-19
446,Riya Chauhan,Female,Mumbai,2024-11-27
447,Pooja Nair,Female,Chennai,2025-08-06
448,Aditya Bansal,Female,Jaipur,2025-03-31
449,Vivaan Iyer,Male,Lucknow,2024-04-18
450,Priya Bansal,Male,Chennai,2024-09-24
451,Vikram Sharma,Female,Hyderabad,2025-03-20
452,Aditya Mehta,Female,Pune,2024-08-27
453,Aditi Saini,Male,Ahmedabad,2024-10-27
454,Aarav Patel,Female,Pune,2025-08-24
455,Aditi Verma,Male,Delhi,2024-04-12
456,Rohan Das,Male,Ahmedabad,2024-09-06
457,Riya Nair,Male,Chennai,2025-03-28
458,Vikram Joshi,Male,Chennai,2025-06-03
459,Aditi Iyer,Male,Mumbai,2024-06-01
460,Pooja Singh,Male,Chennai,2024-06-22
461,Pooja Kapoor,Male,Bangalore,2024-12-08
462,Isha Malhotra,Female,Chennai,2025-10-31
463,Priya Kumar,Female,Delhi,2025-03-06
464,Rohan Malhotra,Female,Chennai,2025-12-27
465,Isha Das,Female,Lucknow,2025-11-19
466,Nikhil Reddy,Male,Delhi,2025-11-17
467,Kavya Verma,Male,Lucknow,2025-10-19
468,Neha Singh,Female,Bangalore,2024-11-19
469,Priya Patel,Male,Ahmedabad,2025-11-03
470,Priya Kumar,Female,Kolkata,2025-09-30
471,Ananya Mishra,Male,Pune,2025-02-23
472,Aarav Chauhan,Female,Kolkata,2025-08-16
473,Neha Iyer,Male,Ahmedabad,2025-04-29
474,Vivaan Bisht,Female,Bangalore,2025-10-20
475,Riya Kapoor,Male,Bangalore,2025-02-15
476,Meera Das,Female,Chennai,2024-03-24
477,Neha Verma,Male,Jaipur,2024-04-22
478,Amit Patel,Female,Kolkata,2024-11-27
479,Kavya Gupta,Female,Jaipur,2025-01-12
480,Nikhil Nair,Male,Hyderabad,2025-10-16
481,Pooja Kumar,Female,Jaipur,2024-02-10
482,Aarav Bansal,Female,Delhi,2024-04-14
483,Kunal Joshi,Male,Pune,2024-07-20
484,Nikhil Chauhan,Female,Delhi,2025-03-25
485,Aarav Chauhan,Female,Bangalore,2024-09-22
486,Isha Singh,Female,Bangalore,2024-07-28
487,Kunal Kumar,Male,Bangalore,2025-07-16
488,Neha Kumar,Male,Chennai,2024-04-27
489,Rahul Das,Female,Bangalore,2025-12-13
490,Nikhil Mishra,Female,Hyderabad,2025-01-11
491,Vikram Iyer,Male,Mumbai,2025-07-04
492,Pooja Das,Female,Bangalore,2025-06-23
493,Kunal Nair,Male,Mumbai,2024-03-24
494,Kavya Gupta,Male,Delhi,2025-03-29
495,Ananya Bisht,Male,Pune,2025-10-28
496,Meera Mishra,Male,Chennai,2025-09-20
497,Rahul Singh,Female,Pune,2025-05-28
498,Vikram Iyer,Male,Hyderabad,2025-08-27
499,Priya Mishra,Female,Bangalore,2025-11-08
500,Vikram Sharma,Female,Ahmedabad,2025-01-21
501,Nikhil Agarwal,Female,Hyderabad,2024-12-15
502,Aditi Saini,Male,Hyderabad,2024-10-22
503,Pooja Gupta,Male,Delhi,2024-09-14
504,Neha Chauhan,Female,Bangalore,2024-03-21
505,Pooja Kapoor,Female,Bangalore,2024-09-24
506,Priya Chauhan,Male,Bangalore,2025-02-22
507,Kavya Reddy,Female,Pune,2024-08-22
508,Neha Malhotra,Female,Pune,2024-11-06
509,Amit Mehta,Female,Pune,2024-12-22
510,Aditi Reddy,Female,Kolkata,2024-07-31
511,Kunal Iyer,Female,Jaipur,2025-07-27
512,Vivaan Malhotra,Male,Chennai,2024-02-18
513,Pooja Reddy,Female,Lucknow,2024-05-06
514,Ananya Gupta,Female,Delhi,2024-08-10
515,Pooja Verma,Male,Mumbai,2024-10-05
516,Rahul Mishra,Male,Delhi,2025-02-11
517,Aditi Malhotra,Male,Chennai,2025-05-19
518,Arjun Nair,Female,Ahmedabad,2024-10-20
519,Arjun Mishra,Female,Mumbai,2024-10-03
520,Neha Sharma,Male,Ahmedabad,2025-03-13
521,Rahul Iyer,Female,Delhi,2024-04-16
522,Rahul Singh,Male,Ahmedabad,2025-10-19
523,Pooja Patel,Female,Bangalore,2025-02-23
524,Priya Bansal,Female,Delhi,2025-09-02
525,Ananya Singh,Female,Hyderabad,2025-03-04
526,Priya Chauhan,Male,Mumbai,2025-01-09
527,Ananya Malhotra,Male,Mumbai,2024-03-13
528,Pooja Chauhan,Male,Bangalore,2025-09-25
529,Vivaan Bansal,Male,Jaipur,2024-01-30
530,Aditya Mehta,Female,Pune,2024-07-06
531,Nikhil Mehta,Female,Bangalore,2024-12-29
532,Aditya Iyer,Female,Pune,2025-03-26
533,Arjun Kumar,Female,Chennai,2024-07-13
534,Neha Joshi,Female,Mumbai,2024-06-04
535,Nikhil Sharma,Female,Bangalore,2024-06-20
536,Vivaan Malhotra,Female,Delhi,2024-02-10
537,Vivaan Agarwal,Female,Mumbai,2024-03-03
538,Sneha Kapoor,Male,Chennai,2024-01-23
539,Isha Gupta,Male,Mumbai,2024-12-25
540,Kunal Mishra,Male,Hyderabad,2024-03-15
541,Isha Saini,Female,Chennai,2025-07-13
542,Rohan Joshi,Female,Delhi,2025-11-02
543,Rohan Singh,Male,Pune,2024-04-27
544,Meera Reddy,Female,Mumbai,2025-09-03
545,Meera Mehta,Female,Lucknow,2025-01-14
546,Pooja Saini,Male,Hyderabad,2025-11-09
547,Rahul Mehta,Male,Jaipur,2024-10-16
548,Neha Patel,Female,Pune,2025-03-15
549,Neha Patel,Male,Delhi,2025-10-29
550,Aarav Nair,Female,Chennai,2024-01-07
551,Nikhil Chauhan,Male,Lucknow,2024-07-14
552,Rohan Singh,Female,Pune,2025-02-24
553,Neha Kapoor,Female,Jaipur,2025-07-21
554,Aditi Agarwal,Female,Ahmedabad,2024-07-11
555,Isha Patel,Female,Mumbai,2025-07-12
556,Neha Agarwal,Male,Mumbai,2024-05-27
557,Amit Reddy,Male,Pune,2025-10-30
558,Pooja Kumar,Male,Bangalore,2024-07-20
559,Kunal Reddy,Female,Jaipur,2025-03-19
560,Aditi Kapoor,Female,Ahmedabad,2025-02-22
561,Aditi Agarwal,Female,Bangalore,2025-03-02
562,Nikhil Sharma,Male,Mumbai,2025-04-23
563,Ananya Patel,Male,Kolkata,2025-04-19
564,Aarav Saini,Male,Mumbai,2024-05-05
565,Vivaan Bansal,Male,Jaipur,2025-01-29
566,Pooja Agarwal,Female,Hyderabad,2025-07-29
567,Kunal Bansal,Male,Chennai,2024-11-20
568,Sneha Mehta,Male,Delhi,2025-01-26
569,Amit Bansal,Female,Pune,2025-11-18
570,Vikram Gupta,Male,Hyderabad,2025-09-19
571,Arjun Verma,Male,Pune,2025-03-15
572,Nikhil Nair,Female,Mumbai,2024-07-22
573,Vivaan Saini,Male,Kolkata,2025-04-30
574,Sneha Gupta,Female,Ahmedabad,2024-01-31
575,Aditya Agarwal,Female,Mumbai,2025-01-22
576,Priya Iyer,Female,Delhi,2025-09-16
577,Rohan Bisht,Male,Delhi,2025-03-09
578,Rahul Chauhan,Female,Chennai,2025-01-10
579,Sneha Mishra,Male,Pune,2024-12-09
580,Riya Patel,Male,Pune,2025-03-18
581,Rohan Patel,Male,Mumbai,2025-08-01
582,Pooja Agarwal,Female,Bangalore,2024-03-15
583,Priya Kumar,Male,Pune,2025-07-10
584,Neha Singh,Male,Hyderabad,2025-10-27
585,Rahul Mehta,Female,Lucknow,2024-06-03
586,Ananya Chauhan,Male,Delhi,2025-03-05
587,Sneha Singh,Male,Chennai,2024-12-28
588,Ananya Sharma,Male,Bangalore,2025-03-23
589,Vikram Chauhan,Male,Hyderabad,2024-08-21
590,Arjun Nair,Male,Chennai,2025-07-16
591,Sneha Patel,Male,Chennai,2024-09-18
592,Aditi Reddy,Female,Lucknow,2024-05-04
593,Sneha Kumar,Male,Delhi,2024-09-01
594,Kunal Das,Male,Delhi,2025-06-25
595,Aarav Bansal,Female,Kolkata,2025-04-29
596,Kavya Malhotra,Male,Pune,2024-05-01
597,Meera Mehta,Female,Mumbai,2024-05-04
598,Aditya Nair,Male,Delhi,2025-07-02
599,Nikhil Iyer,Male,Delhi,2024-06-18
600,Arjun Gupta,Male,Ahmedabad,2024-05-03
601,Vivaan Verma,Male,Mumbai,2024-02-04
602,Nikhil Das,Male,Bangalore,2024-03-27
603,Arjun Kumar,Male,Mumbai,2025-10-07
604,Kunal Chauhan,Male,Bangalore,2025-12-08
605,Rahul Reddy,Male,Delhi,2024-07-19
606,Neha Kapoor,Male,Hyderabad,2025-01-03
607,Kavya Iyer,Male,Delhi,2024-03-17
608,Aditi Gupta,Male,Jaipur,2024-02-28
609,Isha Kumar,Male,Mumbai,2025-03-06
610,Pooja Bansal,Female,Pune,2025-09-29
611,Isha Patel,Male,Ahmedabad,2025-05-14
612,Vivaan Kapoor,Female,Chennai,2024-04-18
613,Amit Nair,Female,Pune,2024-10-04
614,Neha Mehta,Male,Bangalore,2024-03-08
615,Sneha Kumar,Female,Bangalore,2024-03-09
616,Sneha Chauhan,Female,Chennai,2024-06-13
617,Sneha Verma,Male,Lucknow,2025-05-03
618,Ananya Patel,Male,Chennai,2024-10-31
619,Amit Kumar,Female,Pune,2025-11-04
620,Neha Singh,Female,Kolkata,2024-12-30
621,Amit Bansal,Male,Hyderabad,2025-01-13
622,Aarav Verma,Male,Delhi,2024-12-08
623,Priya Mehta,Male,Pune,2025-07-07
624,Rahul Saini,Male,Lucknow,2024-12-19
625,Amit Singh,Female,Mumbai,2025-02-19
626,Kavya Bisht,Male,Chennai,2024-04-18
627,Aditi Bisht,Male,Mumbai,2025-07-16
628,Kunal Malhotra,Female,Pune,2025-05-11
629,Rahul Bansal,Male,Delhi,2024-12-06
630,Aarav Patel,Male,Hyderabad,2025-01-17
631,Rahul Gupta,Female,Kolkata,2025-06-16
632,Kavya Patel,Female,Bangalore,2024-10-26
633,Rohan Kumar,Male,Chennai,2024-05-18
634,Aarav Gupta,Male,Jaipur,2024-12-24
635,Aarav Kapoor,Male,Ahmedabad,2025-05-13
636,Kunal Saini,Male,Mumbai,2025-01-19
637,Priya Sharma,Male,Bangalore,2025-08-26
638,Rohan Patel,Male,Mumbai,2024-10-06
639,Vivaan Gupta,Male,Lucknow,2025-09-28
640,Isha Mishra,Male,Ahmedabad,2025-04-27
641,Arjun Singh,Male,Pune,2024-04-20
642,Pooja Nair,Male,Jaipur,2024-05-18
643,Sneha Mishra,Male,Hyderabad,2025-03-10
644,Aditi Kumar,Male,Pune,2025-05-23
645,Neha Mishra,Male,Delhi,2024-09-29
646,Kunal Bansal,Female,Kolkata,2024-04-08
647,Vivaan Mishra,Female,Delhi,2024-04-13
648,Nikhil Nair,Female,Jaipur,2024-08-01
649,Aarav Verma,Female,Kolkata,2025-10-25
650,Pooja Reddy,Male,Chennai,2024-06-13
651,Isha Kumar,Male,Delhi,2025-06-03
652,Pooja Nair,Male,Bangalore,2024-10-10
653,Aditya Singh,Female,Mumbai,2025-05-31
654,Priya Bansal,Female,Bangalore,2025-10-18
655,Rahul Singh,Male,Delhi,2025-09-04
656,Rahul Patel,Male,Ahmedabad,2024-06-12
657,Meera Saini,Male,Pune,2025-10-20
658,Kavya Malhotra,Male,Bangalore,2024-03-04
659,Ananya Bansal,Female,Bangalore,2024-03-31
660,Riya Agarwal,Female,Hyderabad,2024-04-26
661,Neha Mishra,Male,Pune,2024-09-23
662,Meera Iyer,Female,Hyderabad,2025-11-15
663,Arjun Kumar,Female,Ahmedabad,2025-07-12
664,Kavya Bisht,Male,Hyderabad,2024-05-19
665,Isha Nair,Male,Lucknow,2024-09-02
666,Kunal Iyer,Male,Jaipur,2025-10-22
667,Priya Nair,Male,Mumbai,2025-01-29
668,Ananya Iyer,Male,Ahmedabad,2025-05-01
669,Arjun Malhotra,Male,Delhi,2025-04-20
670,Isha Malhotra,Male,Jaipur,2025-05-31
671,Vikram Kapoor,Male,Bangalore,2024-07-02
672,Rahul Das,Female,Ahmedabad,2024-01-20
673,Aditya Singh,Male,Ahmedabad,2025-07-11
674,Aditya Singh,Male,Jaipur,2025-06-07
675,Isha Kumar,Male,Jaipur,2025-08-04
676,Sneha Gupta,Female,Bangalore,2025-06-12
677,Kavya Verma,Male,Delhi,2024-05-26
678,Aditi Chauhan,Male,Bangalore,2025-10-27
679,Kavya Malhotra,Female,Mumbai,2024-10-30
680,Arjun Iyer,Female,Chennai,2025-09-11
681,Sneha Iyer,Female,Bangalore,2025-08-04
682,Vivaan Agarwal,Male,Lucknow,2025-11-25
683,Meera Agarwal,Male,Chennai,2024-08-15
684,Sneha Kumar,Female,Jaipur,2024-04-11
685,Aditi Mishra,Female,Delhi,2025-08-09
686,Amit Gupta,Female,Ahmedabad,2025-02-20
687,Pooja Mehta,Female,Ahmedabad,2024-08-03
688,Arjun Kapoor,Male,Hyderabad,2025-02-10
689,Kavya Kapoor,Female,Pune,2025-02-02
690,Arjun Patel,Male,Kolkata,2025-12-15
691,Aditi Mehta,Male,Mumbai,2025-12-04
692,Isha Chauhan,Male,Hyderabad,2025-05-13
693,Meera Bansal,Male,Bangalore,2025-04-09
694,Kavya Sharma,Male,Delhi,2025-11-21
695,Meera Patel,Male,Bangalore,2025-12-31
696,Aarav Joshi,Female,Delhi,2024-03-22
697,Vikram Agarwal,Male,Delhi,2025-08-26
698,Priya Kapoor,Female,Delhi,2025-11-17
699,Aarav Joshi,Male,Lucknow,2024-12-30
700,Rahul Saini,Male,Pune,2024-06-11
701,Ananya Singh,Male,Lucknow,2024-02-17
702,Rahul Sharma,Male,Hyderabad,2025-05-25
703,Aditya Mishra,Male,Bangalore,2024-11-24
704,Amit Reddy,Male,Hyderabad,2024-04-25
705,Isha Nair,Male,Hyderabad,2024-12-02
706,Priya Joshi,Female,Delhi,2024-05-26
707,Sneha Agarwal,Male,Chennai,2025-07-28
708,Priya Saini,Female,Mumbai,2024-11-18
709,Meera Singh,Male,Pune,2025-03-18
710,Vivaan Gupta,Female,Chennai,2024-01-13
711,Rohan Bansal,Female,Mumbai,2025-05-08
712,Vivaan Singh,Female,Delhi,2025-12-01
713,Vikram Nair,Male,Kolkata,2024-10-13
714,Isha Das,Male,Hyderabad,2025-12-20
715,Meera Nair,Male,Delhi,2024-04-23
716,Isha Patel,Female,Lucknow,2025-04-24
717,Amit Mishra,Female,Delhi,2024-01-22
718,Arjun Kapoor,Female,Chennai,2024-12-14
719,Isha Kumar,Male,Lucknow,2025-12-26
720,Nikhil Saini,Female,Mumbai,2025-11-13
721,Pooja Mishra,Female,Delhi,2025-07-19
722,Nikhil Verma,Male,Delhi,2024-11-15
723,Kunal Reddy,Male,Bangalore,2024-05-05
724,Meera Verma,Female,Delhi,2024-10-03
725,Aarav Bisht,Female,Chennai,2024-07-22
726,Nikhil Bisht,Female,Delhi,2024-07-12
727,Rahul Patel,Male,Hyderabad,2025-11-11
728,Nikhil Malhotra,Female,Lucknow,2025-10-25
729,Arjun Sharma,Male,Jaipur,2025-06-30
730,Pooja Iyer,Male,Pune,2025-11-26
731,Rohan Gupta,Male,Bangalore,2024-10-12
732,Ananya Chauhan,Female,Pune,2024-02-26
733,Kunal Mishra,Female,Hyderabad,2024-10-29
734,Kavya Kapoor,Male,Hyderabad,2024-06-11
735,Aditya Reddy,Male,Delhi,2024-01-19
736,Vivaan Iyer,Female,Ahmedabad,2025-01-04
737,Aarav Nair,Male,Hyderabad,2024-09-20
738,Aditya Malhotra,Female,Mumbai,2024-04-22
739,Aditi Iyer,Male,Bangalore,2025-05-02
740,Aditi Reddy,Male,Bangalore,2024-11-22
741,Isha Agarwal,Male,Jaipur,2025-06-25
742,Arjun Reddy,Male,Kolkata,2025-10-08
743,Aarav Malhotra,Female,Kolkata,2025-08-01
744,Rohan Bansal,Male,Delhi,2024-03-05
745,Neha Kapoor,Male,Bangalore,2024-10-18
746,Aditya Iyer,Female,Hyderabad,2024-01-25
747,Arjun Mehta,Male,Delhi,2025-07-02
748,Isha Saini,Male,Mumbai,2024-01-01
749,Ananya Mishra,Female,Kolkata,2025-07-02
750,Aditya Reddy,Female,Delhi,2024-05-20
751,Nikhil Malhotra,Male,Pune,2025-10-09
752,Kunal Malhotra,Female,Mumbai,2024-07-06
753,Rohan Singh,Female,Delhi,2024-05-07
754,Riya Kumar,Male,Mumbai,2024-07-19
755,Riya Mishra,Male,Lucknow,2024-05-06
756,Amit Kapoor,Female,Jaipur,2024-09-13
757,Sneha Gupta,Female,Lucknow,2025-11-06
758,Kunal Kumar,Male,Hyderabad,2025-06-30
759,Rahul Patel,Female,Delhi,2024-07-12
760,Amit Joshi,Female,Pune,2025-12-03
761,Meera Gupta,Male,Hyderabad,2024-04-13
762,Aditya Joshi,Male,Jaipur,2025-06-18
763,Pooja Nair,Male,Delhi,2024-09-21
764,Aditi Saini,Female,Hyderabad,2025-01-18
765,Neha Saini,Male,Mumbai,2024-09-16
766,Meera Malhotra,Female,Bangalore,2025-02-17
767,Priya Gupta,Female,Kolkata,2024-12-23
768,Neha Singh,Female,Hyderabad,2024-03-15
769,Pooja Nair,Male,Bangalore,2024-12-20
770,Nikhil Patel,Female,Bangalore,2025-08-06
771,Aditi Verma,Male,Hyderabad,2024-07-06
772,Sneha Mishra,Female,Kolkata,2025-11-15
773,Aditya Agarwal,Male,Ahmedabad,2024-10-16
774,Neha Nair,Male,Lucknow,2024-02-14
775,Vivaan Verma,Female,Kolkata,2025-07-26
776,Sneha Agarwal,Male,Bangalore,2024-03-23
777,Aditya Singh,Male,Chennai,2024-05-02
778,Meera Bansal,Female,Hyderabad,2024-12-23
779,Riya Reddy,Female,Mumbai,2025-06-11
780,Neha Saini,Female,Jaipur,2024-03-06
781,Kavya Verma,Female,Delhi,2025-10-18
782,Neha Saini,Male,Ahmedabad,2025-01-09
783,Amit Malhotra,Male,Hyderabad,2024-06-10
784,Meera Das,Male,Chennai,2025-01-14
785,Riya Gupta,Male,Chennai,2025-10-17
786,Vivaan Nair,Female,Ahmedabad,2024-12-23
787,Arjun Malhotra,Female,Chennai,2024-07-06
788,Aditya Mishra,Male,Pune,2024-11-17
789,Rohan Verma,Male,Delhi,2025-03-25
790,Kunal Nair,Female,Hyderabad,2025-04-18
791,Neha Mishra,Male,Mumbai,2024-01-13
792,Riya Bansal,Female,Kolkata,2024-07-02
793,Rohan Kapoor,Male,Hyderabad,2024-04-20
794,Sneha Agarwal,Female,Chennai,2025-05-22
795,Ananya Iyer,Male,Delhi,2024-10-16
796,Priya Bansal,Female,Delhi,2024-10-21
797,Vivaan Malhotra,Female,Chennai,2025-03-26
798,Aditya Malhotra,Female,Delhi,2024-08-02
799,Arjun Chauhan,Female,Delhi,2025-09-23
800,Ananya Agarwal,Female,Delhi,2025-07-20
801,Vikram Bansal,Female,Lucknow,2024-01-27
802,Rahul Malhotra,Male,Kolkata,2025-09-21
803,Aditya Saini,Female,Bangalore,2024-08-18
804,Rahul Kapoor,Female,Bangalore,2025-07-18
805,Nikhil Reddy,Male,Bangalore,2024-11-16
806,Rahul Bansal,Female,Kolkata,2024-08-20
807,Aditya Agarwal,Female,Chennai,2025-10-31
808,Kavya Reddy,Female,Mumbai,2025-03-12
809,Priya Gupta,Male,Mumbai,2025-06-16
810,Riya Singh,Male,Delhi,2025-02-06
811,Isha Mishra,Female,Chennai,2024-02-22
812,Sneha Sharma,Female,Kolkata,2024-11-08
813,Sneha Agarwal,Male,Mumbai,2024-10-07
814,Rohan Bisht,Female,Delhi,2025-12-26
815,Priya Das,Female,Delhi,2024-01-31
816,Amit Mehta,Male,Lucknow,2024-12-02
817,Rahul Gupta,Female,Bangalore,2024-07-01
818,Aditya Agarwal,Male,Kolkata,2024-01-23
819,Arjun Mishra,Male,Pune,2025-06-27
820,Kavya Mishra,Male,Bangalore,2025-03-21
821,Vivaan Malhotra,Female,Mumbai,2024-03-14
822,Meera Gupta,Male,Delhi,2024-01-10
823,Meera Reddy,Male,Pune,2025-04-28
824,Rahul Joshi,Male,Kolkata,2025-03-31
825,Rohan Bansal,Male,Chennai,2025-07-19
826,Rohan Nair,Female,Pune,2025-07-17
827,Vivaan Iyer,Male,Delhi,2025-10-21
828,Sneha Mehta,Male,Lucknow,2024-06-08
829,Neha Bansal,Female,Jaipur,2024-01-14
830,Nikhil Nair,Male,Bangalore,2024-06-26
831,Kunal Chauhan,Male,Lucknow,2025-02-15
832,Kunal Agarwal,Male,Pune,2024-02-22
833,Pooja Bisht,Male,Pune,2025-02-11
834,Sneha Saini,Male,Kolkata,2024-01-22
835,Neha Nair,Male,Jaipur,2024-01-30
836,Nikhil Reddy,Male,Chennai,2025-12-03
837,Riya Mishra,Female,Delhi,2024-09-16
838,Isha Joshi,Male,Bangalore,2024-07-23
839,Amit Bansal,Female,Ahmedabad,2024-02-28
840,Rahul Patel,Female,Mumbai,2025-04-15
841,Vivaan Das,Male,Bangalore,2025-04-10
842,Sneha Chauhan,Female,Hyderabad,2024-01-12
843,Arjun Mishra,Male,Hyderabad,2025-09-22
844,Arjun Agarwal,Female,Pune,2024-10-16
845,Aditya Joshi,Male,Lucknow,2024-12-19
846,Vikram Nair,Male,Mumbai,2025-09-30
847,Riya Gupta,Male,Delhi,2024-03-15
848,Isha Singh,Female,Mumbai,2025-12-16
849,Kunal Nair,Male,Ahmedabad,2025-07-14
850,Sneha Sharma,Female,Chennai,2025-08-13
851,Isha Verma,Male,Mumbai,2025-03-16
852,Ananya Mishra,Female,Jaipur,2024-08-28
853,Sneha Mehta,Male,Ahmedabad,2024-06-02
854,Ananya Singh,Female,Jaipur,2024-04-05
855,Sneha Mehta,Male,Ahmedabad,2025-12-26
856,Aarav Malhotra,Male,Mumbai,2024-10-20
857,Arjun Malhotra,Male,Kolkata,2024-07-27
858,Rahul Gupta,Male,Hyderabad,2024-12-08
859,Vivaan Agarwal,Female,Jaipur,2024-03-28
860,Pooja Gupta,Male,Kolkata,2025-01-24
861,Pooja Nair,Female,Kolkata,2024-11-20
862,Meera Sharma,Male,Chennai,2024-06-05
863,Aditya Sharma,Male,Mumbai,2025-10-29
864,Vikram Bisht,Male,Pune,2025-10-12
865,Rahul Chauhan,Male,Lucknow,2025-09-24
866,Meera Mishra,Female,Ahmedabad,2025-07-30
867,Isha Kumar,Male,Delhi,2025-09-10
868,Nikhil Mehta,Male,Mumbai,2025-10-20
869,Nikhil Kumar,Female,Delhi,2024-05-16
870,Vivaan Mehta,Female,Kolkata,2025-11-04
871,Isha Bansal,Male,Jaipur,2025-03-03
872,Neha Singh,Male,Mumbai,2025-03-27
873,Arjun Das,Female,Hyderabad,2025-09-03
874,Meera Chauhan,Male,Jaipur,2024-05-20
875,Aarav Mishra,Male,Kolkata,2024-03-23
876,Aditi Mehta,Male,Pune,2024-06-25
877,Rahul Agarwal,Female,Pune,2024-07-16
878,Isha Sharma,Female,Hyderabad,2025-09-15
879,Meera Kapoor,Male,Bangalore,2025-07-21
880,Kunal Saini,Male,Pune,2025-11-21
881,Isha Joshi,Male,Chennai,2025-02-24
882,Aditya Mishra,Female,Ahmedabad,2025-02-04
883,Sneha Singh,Male,Chennai,2025-11-28
884,Riya Chauhan,Male,Kolkata,2025-04-15
885,Riya Mishra,Female,Mumbai,2024-08-05
886,Kavya Sharma,Male,Hyderabad,2025-12-29
887,Ananya Das,Female,Delhi,2025-09-23
888,Vivaan Reddy,Male,Mumbai,2024-06-23
889,Sneha Patel,Male,Kolkata,2024-01-23
890,Aarav Kapoor,Male,Lucknow,2025-12-25
891,Aditya Kapoor,Female,Delhi,2024-08-22
892,Kunal Kumar,Female,Bangalore,2024-01-13
893,Aditi Malhotra,Female,Jaipur,2024-04-10
894,Rahul Verma,Male,Mumbai,2025-06-19
895,Sneha Chauhan,Female,Pune,2025-06-06
896,Priya Joshi,Male,Kolkata,2025-03-27
897,Neha Das,Male,Pune,2025-03-06
898,Rohan Gupta,Female,Mumbai,2025-08-28
899,Aditya Nair,Male,Bangalore,2025-12-13
900,Vivaan Agarwal,Male,Kolkata,2025-06-16
901,Amit Verma,Male,Pune,2025-12-23
902,Amit Verma,Male,Delhi,2025-10-13
903,Priya Agarwal,Male,Kolkata,2024-10-19
904,Riya Reddy,Female,Delhi,2024-04-10
905,Kavya Das,Male,Kolkata,2025-05-16
906,Vikram Verma,Female,Mumbai,2024-10-30
907,Amit Agarwal,Female,Lucknow,2025-06-23
908,Sneha Verma,Male,Bangalore,2025-07-06
909,Priya Patel,Male,Bangalore,2024-12-20
910,Arjun Kapoor,Male,Delhi,2024-10-29
911,Isha Reddy,Female,Bangalore,2025-05-10
912,Neha Reddy,Male,Ahmedabad,2025-10-19
913,Priya Joshi,Female,Lucknow,2024-08-14
914,Pooja Das,Male,Bangalore,2024-08-23
915,Sneha Mishra,Female,Hyderabad,2025-03-30
916,Vikram Singh,Male,Kolkata,2024-01-13
917,Isha Singh,Male,Ahmedabad,2024-07-28
918,Isha Bansal,Female,Pune,2025-01-31
919,Rohan Chauhan,Female,Bangalore,2024-04-09
920,Nikhil Malhotra,Male,Bangalore,2024-01-31
921,Arjun Singh,Female,Chennai,2025-06-11
922,Priya Agarwal,Male,Delhi,2025-10-10
923,Nikhil Nair,Female,Pune,2024-11-24
924,Meera Iyer,Female,Bangalore,2024-06-14
925,Rohan Nair,Male,Jaipur,2025-04-03
926,Sneha Nair,Male,Delhi,2024-04-09
927,Vivaan Kapoor,Male,Pune,2025-09-12
928,Meera Iyer,Male,Hyderabad,2024-06-21
929,Vikram Verma,Female,Chennai,2024-06-10
930,Aditya Reddy,Male,Delhi,2025-12-28
931,Sneha Mishra,Male,Pune,2024-09-19
932,Rohan Sharma,Female,Pune,2024-09-30
933,Rahul Bansal,Female,Pune,2024-01-03
934,Neha Verma,Male,Pune,2024-01-28
935,Rahul Singh,Male,Chennai,2024-11-21
936,Kunal Kapoor,Male,Jaipur,2024-05-28
937,Sneha Reddy,Male,Mumbai,2025-06-23
938,Aditi Verma,Female,Jaipur,2025-05-02
939,Meera Gupta,Male,Hyderabad,2025-03-13
940,Neha Kapoor,Female,Delhi,2024-03-05
941,Sneha Nair,Male,Delhi,2024-12-21
942,Aditya Saini,Female,Bangalore,2025-06-16
943,Rahul Mishra,Female,Kolkata,2024-09-08
944,Sneha Reddy,Female,Chennai,2024-08-22
945,Priya Patel,Male,Kolkata,2024-08-14
946,Kunal Kumar,Male,Hyderabad,2025-06-08
947,Aarav Joshi,Male,Hyderabad,2024-11-08
948,Pooja Mishra,Female,Delhi,2024-02-18
949,Ananya Chauhan,Female,Bangalore,2024-04-27
950,Arjun Patel,Female,Hyderabad,2024-02-23
951,Vikram Nair,Female,Delhi,2025-10-11
952,Amit Bansal,Female,Mumbai,2025-07-18
953,Nikhil Das,Male,Pune,2024-02-13
954,Amit Kumar,Female,Kolkata,2024-02-22
955,Rahul Singh,Male,Lucknow,2025-08-08
956,Neha Joshi,Male,Ahmedabad,2025-07-11
957,Neha Singh,Male,Chennai,2025-06-08
958,Priya Kapoor,Male,Hyderabad,2025-11-07
959,Aditya Chauhan,Male,Chennai,2024-04-11
960,Kavya Agarwal,Female,Kolkata,2025-02-01
961,Nikhil Joshi,Male,Delhi,2024-05-17
962,Rohan Kapoor,Female,Bangalore,2025-11-05
963,Riya Mehta,Male,Jaipur,2025-01-21
964,Arjun Bisht,Male,Bangalore,2024-04-20
965,Rahul Mehta,Male,Pune,2025-09-05
966,Pooja Sharma,Male,Pune,2024-01-17
967,Sneha Chauhan,Female,Mumbai,2024-06-30
968,Aditi Kapoor,Male,Bangalore,2025-06-19
969,Neha Chauhan,Female,Bangalore,2025-06-24
970,Rahul Bansal,Male,Delhi,2024-06-19
971,Aditya Singh,Female,Delhi,2025-02-12
972,Nikhil Reddy,Female,Jaipur,2025-01-12
973,Pooja Mishra,Female,Mumbai,2024-07-06
974,Isha Iyer,Male,Hyderabad,2024-08-17
975,Aditi Singh,Male,Bangalore,2024-04-28
976,Rahul Malhotra,Male,Lucknow,2024-06-04
977,Aditya Nair,Female,Mumbai,2025-11-17
978,Neha Mishra,Male,Hyderabad,2025-04-09
979,Sneha Gupta,Male,Ahmedabad,2024-04-13
980,Kavya Saini,Female,Jaipur,2025-08-26
981,Rohan Gupta,Male,Mumbai,2025-11-28
982,Isha Mishra,Female,Jaipur,2025-05-16
983,Vivaan Kumar,Male,Hyderabad,2025-11-23
984,Riya Gupta,Male,Hyderabad,2025-11-12
985,Nikhil Joshi,Female,Delhi,2025-11-29
986,Rohan Malhotra,Male,Delhi,2024-06-23
987,Kunal Kapoor,Female,Kolkata,2025-11-04
988,Riya Agarwal,Male,Hyderabad,2025-02-24
989,Aditya Patel,Male,Hyderabad,2024-05-13
990,Amit Chauhan,Female,Kolkata,2025-01-25
991,Vikram Gupta,Female,Kolkata,2025-05-15
992,Nikhil Bansal,Female,Mumbai,2025-10-26
993,Kavya Singh,Male,Pune,2024-02-02
994,Riya Joshi,Female,Delhi,2024-02-24
995,Aditi Saini,Male,Kolkata,2025-06-02
996,Rahul Joshi,Male,Chennai,2025-09-29
997,Meera Bansal,Female,Lucknow,2024-01-12
998,Priya Saini,Male,Delhi,2025-06-11
999,Vivaan Sharma,Female,Delhi,2025-12-20
1000,Aditya Verma,Male,Mumbai,2025-07-08
